<?xml version="1.0" encoding="UTF-8"?>
<project-private xmlns="http://www.netbeans.org/ns/project-private/1">
    <editor-bookmarks xmlns="http://www.netbeans.org/ns/editor-bookmarks/2" lastBookmarkId="0"/>
    <open-files xmlns="http://www.netbeans.org/ns/projectui-open-files/2">
        <group>
            <file>file:/C:/Users/xioma/Documents/NetBeansProjects/CovidProject/src/covidproject/AdminDUser.java</file>
            <file>file:/C:/Users/xioma/Documents/NetBeansProjects/CovidProject/src/covidproject/NewStudent.java</file>
            <file>file:/C:/Users/xioma/Documents/NetBeansProjects/CovidProject/src/covidproject/AdminDCourse.java</file>
            <file>file:/C:/Users/xioma/Documents/NetBeansProjects/CovidProject/src/covidproject/AdminScreen.java</file>
            <file>file:/C:/Users/xioma/Documents/NetBeansProjects/CovidProject/src/covidproject/AdminNCourse.java</file>
            <file>file:/C:/Users/xioma/Documents/NetBeansProjects/CovidProject/src/covidproject/StudentScreen.java</file>
            <file>file:/C:/Users/xioma/Documents/NetBeansProjects/CovidProject/src/covidproject/AcademicProgress.java</file>
            <file>file:/C:/Users/xioma/Documents/NetBeansProjects/CovidProject/src/covidproject/AttendaceDetails.java</file>
            <file>file:/C:/Users/xioma/Documents/NetBeansProjects/CovidProject/src/covidproject/ExamDetails.java</file>
            <file>file:/C:/Users/xioma/Documents/NetBeansProjects/CovidProject/src/covidproject/Login.java</file>
        </group>
    </open-files>
</project-private>
